,authorId,authorName,canonicalUrl,content,createdTime,publishedTime,title
0,angela0615,菜菜,https://www.ptt.cc/bbs/AGEC95/M.1285307144.A.490.html,    系辦這裡有你的掛號信喔!!    有空來系辦領信吧!! =]      --  ※ 發信站: 批踢踢實業坊(ptt.cc)   ◆ From: 140.112.86.26  ,05/03/2020 07:44:30,Fri Sep 24 13:45:41 2010,林鎂茹學姐的信 =]
0,ilikecc,cchuang,https://www.ptt.cc/bbs/AGEC95/M.1285327111.A.F7F.html,    受人委託徵才~    資拓股份有限公司，是一家與台灣電信業規模最大的中華電信股份有限公司共同合資成立  之衍生公司。    雖然他應徵的名稱是資訊管理，但詳談是要找能懂農業的知識，且會一點像微軟解決方案  (Microsoft Solution)或解決方案 (Java Solution)或網際網路服務 (Web Services)開  發等的人才。因為這公司主要是負責國家型計畫的軟體發展與顧問工作，過去做過中央健  康保險局醫療資訊系統」、「經濟部商工行政服務e網通計畫CIO辦公室委外服務」、「中  央氣象局氣象業務全面電腦化計畫」、「防檢局動植物防檢疫資訊系統」等。    現在需要有農業知識管理與資訊科技應用兩個領域都有涉獵的人，我知道有點不容易，但  如果有興趣者可以來找我，我幫你代為連絡。    ps:這是正職工作，他們要求男生須役畢，女生就希望畢業後能直接就業。因為這兩種都  會的人才沒有很多，可以先向公司要求面試詳談細節。    有意者請來找113研究室的ㄎㄎ，斗瞎~    --  ※ 發信站: 批踢踢實業坊(ptt.cc)   ◆ From: 140.112.86.151  ,05/03/2020 07:44:31,Fri Sep 24 19:18:29 2010,[徵才]農業資訊管理人才
0,t0ts5,好人難作,https://www.ptt.cc/bbs/AGEC95/M.1287992567.A.A29.html,  安安喔大家  我是新來的    --  ※ 發信站: 批踢踢實業坊(ptt.cc)   ◆ From: 219.84.59.196  推 woha:你好。 10/26 00:45  推 DACCC:你是誰 10/27 00:26  推 miru770623:他是新來的 10/27 14:44  推 leungtszhong:好人難作 10/29 03:30  推 uuuu4ufo:安安喔糾咪 11/06 19:21  ,05/03/2020 07:44:32,Mon Oct 25 15:42:44 2010,[問題] 問題
0,nowitzki41x,小球,https://www.ptt.cc/bbs/AGEC95/M.1288601712.A.F41.html,    請 康維娟 同學       黃紀穎 同學       陳培甄 同學       至系辦找美華姐領取書卷獎獎學金~    --  ※ 發信站: 批踢踢實業坊(ptt.cc)   ◆ From: 140.112.86.26  → uuuu4ufo:有錢!!! 11/06 19:22  推 thesung321:已經幫你領走啦 花光了花光了～ 11/07 01:25  ,05/03/2020 07:44:32,Mon Nov  1 16:55:10 2010,[情報] 書卷獎獎學金領取
0,david00129,二家展爺發揮創s意，與武,https://www.ptt.cc/bbs/AGEC95/M.1303844697.A.8D6.html,"  中華青年企業家協會  穿梭百年-中山先生革命足跡之旅  ＊  ＊  一路向北，兩岸四地的青年帶著夢想  ＊             ＊  同乘著 列車 搖擺穿越中國             ＊  ＊  窗外，香港的夜景飛逝而過                      ＊  ＊  穿梭在中山先生遺跡的近百年歷史中  ＊  ＊              千百年騷人墨客的足跡與你相遇在夕陽中的黃鶴樓  ＊  南北兩京的古今交錯，帶給你往昔的氛圍和今日的文化交融       ＊  你是否曾經  1. 長達11天264個小時跟香港大陸的學生膩在一起  你是否曾經  2. 壯遊 大半個重點中國  香港 中山 廣州 武漢 南京 北京  你是否曾經  3. 夜宿火車 體驗24個小時住在通舖火車上的感受  你是否曾經  4. 只用19,900 就體驗到與朋友自助旅行的快樂  1911 辛亥革命爆發  一群熱血的知識青年追隨國父  中山先生開啟創建民國之旅  2011 辛亥革命百年  另一群熱血的新時代知識青年  將重返百年前國父革命之旅  ▊  這是一個不一樣 的夏天                     ▅▅▅▅▅  ◣  ◢  培養大中華新世代人際網絡，與兩岸三地未來精英  ▅▅▅▅▅▅▅  ▂▉▂  開啟長達 十一天 的密切交流                    ▉  ▉           ◣  立足台灣，決戰大中華地區                      ▉      ██████  ◤  培養深耕廣布雄厚綿密的大中華人際網絡圈                      ▉◣ ▊  ▋  ▊  ▊  ▆   ◤  ◢   ◢  ◣  2011年8月12日(五)~2011年8月22日(一)  第 1 天             上午    台灣學生飛抵香港，匯合香港學生             下午    開營儀式，熱身遊戲(主題活動：孫中山與香港)             晚上    住宿    香港(台灣學生)  第 2 天             上午    參觀孫中山紀念公園、香港大學、孫中山紀念館/博物館             下午    濕地公園             傍晚    乘船前往中山市             晚上    遊覽孫文老街             住宿    中山市  第 3 天             上午    中山市青年學生入團。參觀孫中山故居紀念館、翠亨村             下午    乘坐旅遊車前往廣州市。廣州市青年學生入團                     參觀黃埔軍校(主題活動：黃埔軍校簡單的軍訓活動)             傍晚    專題講座：辛亥革命之孫中山在廣東             住宿    廣州市  第 4 天             上午    參觀黃花崗公園(七十二烈士陵園)、大元帥府、中山紀念堂             下午    參觀越秀公園(鎮海樓)             傍晚    乘高鐵前往武漢市             住宿    武漢市  第 5 天             上午    武漢市青年學生入團。參觀武漢辛亥革命博物館                     (主題活動：「緬懷革命英雄，銘記光輝歷史」)             下午    遊覽黃鶴樓             傍晚    專題講座：辛亥革命之武昌首義             住宿    武漢市  第 6 天             上午    分團及小組活動             下午    遊覽中山艦紀念館                     乘火車前往南京市             住宿    南京市  第 7 天             上午    南京市青年學生入團。中山陵舉行謁陵儀式             下午    參觀舊總統府             晚上    結隊遊或遊覽秦淮河、夫子廟             住宿    南京市  第 8 天             上午    參觀侵華日軍南京大屠殺遇難同胞紀念館             下午    乘高鐵前往北京市             住宿    北京市  第 9 天             上午    北京市青年學生入團。參觀香山公園、碧雲寺、中國國家博物館                      (主題活動：「銘記歷史，繼往開來」--辛亥革命歷史回顧)             下午    國家領導人接見             晚上    交流分享會             住宿    北京市  第 10 天             上午    參觀航天城             下午    乘直通火車回香港             住宿    夜宿火車上  第 11 天             中午    抵達香港                     香港學生解散                     台灣學生前往香港機場，乘飛機回                                             (以上行程主辦單位保有變更的權利)  更多活動消息  活動網站  http://www.wretch.cc/blog/cyea2011  活動facebook搜尋: 中華青年企業家協會  活動時間: 2011年8月12日~8月22日  共計11天  活動地點:香港 廣州 中山 武漢 南京 北京  報名資格: 18~30歲台灣大專院校學生(含碩班博班)  報名時間: 2011年5月14日 晚上11:59分止  報名方式:線上填寫報名表 http://0rz.tw/NOl0C  如有疑問 歡迎來信 [email protected] 黃同學    --  ※ 發信站: 批踢踢實業坊(ptt.cc)  ◆ From: 140.112.18.192    --  ※ 發信站: 批踢踢實業坊(ptt.cc)  ◆ From: 140.112.18.192  ※ 編輯: giacometti      來自: 140.112.18.192       (04/26 21:07)    --  ※ 發信站: 批踢踢實業坊(ptt.cc)   ◆ From: 125.230.66.61  ",05/03/2020 07:44:33,Wed Apr 27 03:04:54 2011,[好康]暑假交流團-穿梭百年-中山先生足跡之旅
0,bofgb,..,https://www.ptt.cc/bbs/AGEC95/M.1304954859.A.A3D.html,   ▅▃▃▅          ▅▃▃▅          ▅▃▃▅          ▅▃▃▅          ▅    █████████████████████████████████████    ████████████████◤████﹨◥◤█████﹨◥◤█████    ███████████████◤█████ ﹨∕██████﹨∕██  ██     ███████████████▇█▌█▌ ▌ █ █▌ ▍ ▍▍█ █▍ ▍ ▌█   ███████ ███████ ██████   █▌█▌ ▌ █ █▌ ▍ ▍▍█ █▍ ▍ ▌█   ██  ███◤ ██████◤ ██████        夏季　　　　　　　　　　　　　　　　　　　　　　　　　　　　　　　　  　　　　　　　　　　　　　　　　　　　　　　　　　　　　　　　　　　　　　            漫步於異城街道上　　　　　　　　　　　　　　　　　　　　　　　　  　　　　　　　　　　　　　　　　　　　　　　　　　　　　　　　　　　　　　                在這蟬鳴喧囂的一刻    傾聽內心最深處的聲音                                         用最簡單的方式     找到最真實的自己                             　　　　　　　　　　　　　　　　　　　　　　　　　　　　　　　　　　        --      ==========================================================================  ██████                                                                ████████  絢爛夏季 許自己一個世界級的成年禮-AIESEC海外研習專案      ███◢◣███                                                            ██◢◢◣◣██  土耳其            中國             馬來西亞             █◢◢██◣◣█             菲律賓           俄羅斯               印度     ◢◢█ ⊕ █◣◣                                                            ◣◣████◣◣◣◣                                                        ◣◣█▌▌█◣◣◣◣  AIESEC是一個全球最大的學生組織，在一百多個國家都有    ◣◣█ ▅ █◣◣◣◣                                                        ◣◣████◣◣◣◣  分會，為了發掘青年的潛力、實現自我夢想，我們透過海    ◥◣████◢◤◥◣◣                                                        █◥◥██◤◤██◥◣外研習、實務領導、國際學習環境等整合經驗來培養我們    █  █ █ █ ███     ███▅█████  的能力，實現自我價值。                                ██ ████ █ █    ▄▄▄▄▄▄▄▄▄▄   -------------------- █████                                  ███ █  ==========================================================================    --      ╭═════╮═════╮═════════╮  │ 大學生活 │  AIESEC  │ 海外成長實習計畫 │  ║          ╰───────────────────────────╮      ║                                                                  ║  ║   ★覺得寒暑假就陷入宅化的沉淪？      ║      ║                                                                  ║      ║    　　　         想追求更多元的寒暑假生活嗎？                   ║      ║                                                                  ║      ║                                                                  ║      ║  ★同學旅遊回來，說著所見所聞與心得，                          ║      ║ 我卻都沒有去過......                              　         ║      ║                                                                  ║      ║                   想拓展國際視野與體驗異國文化嗎?                ║      ║                                                                  ║      ║                                                                  ║      ║  ★除了課本上的知識，我還能學些什麼呢？......                   ║      ║                                                                  ║      ║                   想嘗試跨文化交流與累積國際實務經驗嗎？         ║      ║                                                                  ║      ║                                                                  ║      ╰═════════════════════════════════╯  --      ╭═════╭═════╮═════════╮   │ 大學生活 │  AIESEC  │ 海外成長實習計畫 │   ╭─────╯          ╰─────────────────────╮      ║          ◢  ￣██￣  ██￣￣  ◢█￣╲   ██￣￣  ◢█￣╲   ║      ║        ◢█    ██    ██￣￣  ◥█◣     ██￣￣  ██       ║      ║      ╱██    ██    ██        ◥█◣   ██      ██       ║      ║    ╱￣██  ˍ██ˍ  ██ˍˍ  ╲ˍ█◤   ██ˍˍ  ◥█ˍ╱   ║      ║                                                                  ║      ║  AIESEC profile      全球最大學生組織    全球107個會員國         ║      ║                                                                  ║      ║                      全台灣共15個分會    超過20個大專院校        ║      ║                                                                  ║      ║   ║      ║                                                                  ║      ║  AIESEC為全球最大的國際性學生組織，旨在培養青年人領導力、國際觀，║      ║                                                                  ║      ║  以及跨文化的團隊工作能力，使其會員對社會發揮正面影響力。        ║      ║                                                                  ║      ║                                                                  ║      ║                                                                  ║      ╰═════════════════════════════════╯  --    ╭═════╭═════╮═════════╮   │ 大學生活 │  AIESEC  │ 海外成長實習計畫 │   ╭─────╯          ╰─────────────────────╮      ║          ◢  ￣██￣  ██￣￣  ◢█￣╲   ██￣￣  ◢█￣╲   ║      ║        ◢█    ██    ██￣￣  ◥█◣     ██￣￣  ██       ║      ║      ╱██    ██    ██        ◥█◣   ██      ██       ║      ║    ╱￣██  ˍ██ˍ  ██ˍˍ  ╲ˍ█◤   ██ˍˍ  ◥█ˍ╱   ║      ║                                                                  ║      ║  AIESEC profile                                                  ║      ║                                                                  ║      ║  核心工作為國際人才實習計畫(Global Internship Program)           ║      ║                                                                  ║      ║  包括商管、科技、教育、志工(海外成長實習計畫)四種類型            ║      ║                                                                  ║      ║  每年提供超過一萬個海外工作機會，並藉由人才的交換，促進不同文化、║      ║                                                                  ║      ║  種族、經濟體系的交流，減少誤解帶來的衝突，                      ║      ║                                                                  ║      ║  以世界和平、開發人類潛能為宗旨運行著。                          ║      ║                                                                  ║      ╰═════════════════════════════════╯  --      ╭═════╭═════╭═════════╮  │ 大學生活 │  AIESEC  │ 海外成長實習計畫 │      ╭───────────╯                  ╰───────────╮      ║          ╭ — — — — 。歡。迎。參。加。 — — — — ╮        ║      ║                                                                  ║      ║          ｜      AIESEC夏季海外成長實習計畫說明會      ｜        ║      ║                                                                  ║      ║          ｜           時間:5/16(一) 18:50              ｜        ║      ║                                                                  ║      ║          ｜      地點:台大第二活動中心7樓 701教室      ｜        ║      ║                                                                  ║      ║          ╰ — — — — — — —  — — — — — — — ╯        ║      ║                                                                  ║      ║                     有任何疑問 ＊ 歡迎隨時詢問                   ║      ║                                                                  ║      ║             AIESEC台大分會 青年業務開發部 廖欣柔 Eunice          ║      ║                     信箱/FB:[email protected]   ║      ║                         電話:0937-023-614                        ║      ║                         Skype:liaohsinjou                        ║      ║                                                                  ║      ╰════════════════════════ζby mkchiun1028ζ╯  --      ╭═════╭═════╭═════════╮  │ 大學生活 │  AIESEC  │ 海外成長實習計畫 │      ╭───────────╯                  ╰───────────╮      ║                                                                  ║      ║      FB活動網頁：                                                ║      ║             http://ppt.cc/[email protected]   ║      ║                                                                  ║      ║                                                                  ║      ║                                                                  ║      ║      說明會報名表：                                              ║      ║         http://ppt.cc/[email protected]   ║      ║                                                                  ║      ║                                                                  ║      ║                                                                  ║      ║      Exchange Application Form 下載：                            ║      ║                                                                  ║      ║        http://ppt.cc/cQNx   ║      ║                                                                  ║      ║                                                                  ║      ║                                                                  ║      ╰════════════════════════ζby mkchiun1028ζ╯  --  ※ 編輯: bofgb           來自: 114.32.89.211        (05/09 23:04)    --  ※ 發信站: 批踢踢實業坊(ptt.cc)  ◆ From: 114.32.89.211  ※ 編輯: bofgb           來自: 114.32.89.211        (05/09 23:21)    --  ※ 發信站: 批踢踢實業坊(ptt.cc)  ◆ From: 114.32.89.211    --  ※ 發信站: 批踢踢實業坊(ptt.cc)  ◆ From: 114.32.89.211    --  ※ 發信站: 批踢踢實業坊(ptt.cc)  ◆ From: 114.32.89.211    --  ※ 發信站: 批踢踢實業坊(ptt.cc)  ◆ From: 114.32.89.211    --  ※ 發信站: 批踢踢實業坊(ptt.cc)  ◆ From: 114.32.89.211  ※ 編輯: bofgb           來自: 114.32.89.211        (05/09 23:29)  ,05/03/2020 07:44:34,Mon May  9 23:27:38 2011,AIESEC許自己一個世界級的成年禮-暑期海外成長計畫
0,jkwhich,which,https://www.ptt.cc/bbs/AGEC95/M.1305644873.A.B13.html,  ※ [本文轉錄自 female_club 看板 #1DoxYpEK ]    作者: joyya (葉小童) 看板: female_club  標題: [網宣] 伴侶盟校園巡迴《扣押幸福》映後座談會  時間: Thu May 12 18:38:41 2011                                                  ▅ ▅      ▃ ▅   ▄ ▍       ▄  ◤◢ ▁▃▃    ▁▃▄  ▇  ▁   ▄ ▋   ◢ ◣  ◣◥   ◢ ▂ \      ▋      ▊ ◤ ▂ ▃  ◣▂   ▋▍                    ▄              ▃  ▄ ▊   ◥ ▆  ◤◢   ▎ ◤   ◣ ▂     ◣◣  ◣◥ ▅  /       ▆▅     ▏  ◣ ◢        ◣               ◣▃ ▂  ▂   ▂  ▌  ▌▍       ▎          ▌▏▎  ▌  ▌▍        ▋▊  ▅    ◥ ▂ ▎   ▋▎   ▄ ◣ ◣ ▃    ◤  ▅   ▄   ◣◣ ▃  ◥◥ ◤ ▋  ▎ ▏▎    ▎          ▋▏  *  “ 伴 ”家家酒的另一種可能？  ◢██◣◢██◣  ╭            .                  .:*  *       ◥◥█ █ ▊▋█ 。              ˙  ˙ ˙  ＜  。.         。  ◥ ▽ ◤◥ ▽ ◤ :   / ◣ ～～ ◥ \  .    。                   *:.   ▋▍  ▍    身為同志的你，是否想過和戀人的未來？ .:*  沒有結婚的資格，伴侶關係不受保障──你該享有平等成家的權利！       *:.  *         *                .            .:*  身為異性戀的你，是否想過結婚之外的可能性？  不婚受到歧視，同居關係不受保障──你該擁有另一種選擇！   ～伴侶盟校園巡迴《扣押幸福》映後座談會，邀您一起向國家要回被扣押的幸福﹏ *      ╭────────────────────────────────╮   ▆▃▂│ 2008奧斯卡最佳紀錄短片《扣押幸福》：                │  Freeheld▄ │                                                                │  │  她，是一名警官，任職25年，罹患肺癌，                          │  │                                                                │  │  面對死亡的威脅，她希望她的同性伴侶可以成為警官退休金的受益人  │  *:.       │                                                                │  │  在這個同性伴侶／同居伴侶不受保護的紐澤西州，                  │  *   │                                                                │  │  重病的她必須付出什麼樣的代價才能獲得婚姻中配偶理所當然的權利？│  │                                                                │  .  :*    │ 這，會不會也是你未來必須面對的問題                │  ╰────────────────────────────────╯  ☆ 扣押幸福 ─ 預告片 http://www.youtube.com/watch?v=E-qtn6TTJY4    ╔══════════‧‧════════════════╗  ║師大場 2011/5/25（三） 18:30進場 19:00開始 @誠201       ║  ║與談人：曹寶玉（伴侶盟成員）                            ║  ║　　　　大白 & 小玲（同志諮詢熱線親密關係小組）         ║  ║ 黃馨慧（師大人發系副教授）　　　　　　　　　　  ║  ╠══════════‧‧════════════════╣  ║輔大場 2011/5/26（四） 18:00進場 18:30開始 @醫學大樓170 ║  ║與談人：伍維婷（伴侶盟成員）                            ║  ║　　　　大尾（同志諮詢熱線理事長）                      ║  ╠══════════‧‧════════════════╣  ║台大場 2011/5/31（二） 18:00進場 18:30開始 @社會系館101 ║  ║與談人：黃筑鈺（伴侶盟成員）                            ║  ║　　　　Angel & 熏弟（同志家庭權益促進會成員）       　 ║  ║ 　  　藍佩嘉 （台大社會系教授） 　      　　　　　    ║  ╠══════════‧‧════════════════╣  ║清大場 2011/6/3（五） 19:00進場 19:30開始 @實齋講堂     ║  ║與談人：徐蓓婕（伴侶盟成員、婦女新知基金會開拓組主任）  ║  ║　　　　沈秀華（清大社會所副教授）                      ║  ╠══════════‧‧════════════════╣  ║世新場 2011/6/7（二） 17:30進場 18:00開始 @舍我樓R102   ║  ║與談人：朱一宸（伴侶盟成員）                            ║  ║　　　　陳宜倩（世新性別所所長）                        ║  ╚══════════‧‧════════════════╝  ╫主辦單位： 台灣伴侶權益推動聯盟、台灣大學Gay Chat                             ╫╫╫╫╫╫ 台灣大學浪達社、台灣大學女性研究社  　　      ╫ 台灣師範大學性壇社、世新大學飛魚社                                 　　       ╫ 世新大學性別研究所、世新大學性別平等教育委員會  　　　　  ╫ 清華大學性別研究社、輔仁大學黑水溝社                               ╙─────────────────┐ 協辦單位：台灣女性影像學會  └────────────   ☆   http://tapcpr.wordpress.com/ 台灣伴侶權益推動聯盟部落格    --  ※ 發信站: 批踢踢實業坊(ptt.cc)  ◆ From: 123.50.54.8  ※ 編輯: joyya           來自: 123.50.54.8          (05/12 18:39)    --  ※ 發信站: 批踢踢實業坊(ptt.cc)   ◆ From: 140.112.237.93  ,05/03/2020 07:44:37,Tue May 17 23:07:52 2011,[轉錄][網宣] 伴侶盟校園巡迴《扣押幸福》映後座談會
0,Delightme,恬淡生活,https://www.ptt.cc/bbs/AGEC95/M.1308457055.A.91D.html,  這裡怎麼人那麼少呢??  加油~~加油啊!!!    希望大家偶爾來走走逛逛、灌灌水、衝衝人氣~~    --  ※ 發信站: 批踢踢實業坊(ptt.cc)   ◆ From: 119.77.230.28  推 vivi7730:推~~~ 08/20 22:15  ,05/03/2020 07:44:40,Sun Jun 19 12:17:32 2011,[閒聊] 這裡的人氣愈來愈少囉
0,PTTjane,jane wu,https://www.ptt.cc/bbs/AGEC95/M.1412821405.A.C47.html,  各位農經系的學長姐大家好~~  小妹是103年系學會新任資訊部部長  今年我們的工作重點之一為  「加強經營農經系facebook粉絲專頁」  讓更多人可以認識農經  也讓我們的曝光度增加  由衷希望學長姐也能幫我們的粉絲專頁按讚或留言指教  學弟妹們都很希望可以得到學長姐的建議喔！！    農經粉專連結：http://ppt.cc/8Ydu    謝謝大家！！！>///<    --  ,05/03/2020 07:44:41,Thu Oct  9 10:23:22 2014,[情報] 農經粉專上線囉！
0,yuiismywife,新垣結衣我老婆,https://www.ptt.cc/bbs/AGEC95/M.1501380535.A.111.html,  不好意思，想請問農經系      的大家，我有個朋友想準備    104年的農經所在職專班，該準備科目有：    一、經濟學    二、統計學    三、管理與經營實務    以上三科任選兩科，不知有無推薦相關的考試用書？    希望熱心的大家可以拔刀相助，感謝！    PS.我朋友也是農藝相關科系畢業的。    --  ,05/03/2020 07:44:42,Sun Jul 30 10:08:52 2017,[請益] （代ＰＯ） 農經所在職專班準備
0,pupumaxz28m, 普普峰,https://www.ptt.cc/bbs/AGEC95/M.1221733957.A.CC0.html,      如題!      --  ※ 發信站: 批踢踢實業坊(ptt.cc)   ◆ From: 140.112.7.59  ,05/03/2020 07:44:43,Thu Sep 18 18:32:36 2008,"[公告] 廣告文一律收到""文摘"" , 要看請按 <tab>!"
0,MissJade,罩子放亮點!,https://www.ptt.cc/bbs/AGEC95/M.1275986719.A.9EA.html,  因原先最高票數6/20(日)晚為期中考準備週    大三學弟妹們多數無法出席    因此最後決定6/27(日)晚舉行送舊    地點和幾點開始將再公佈      以上如果有意見或疑問請和我討論喔:)    by thw way~上次推薦餐廳有欣葉    但我想大家都希望有些餘興節目需要用到投影幕    so~大家快提供一些好吃又有投影幕的餐廳吧    提早確定地點讓學弟妹們替我們安排有趣又溫馨的送舊    乾蝦~                                                            玉山    --  ※ 發信站: 批踢踢實業坊(ptt.cc)  ◆ From: 140.112.4.200  ※ 編輯: MissJade        來自: 140.112.86.128       (06/08 17:52)  ,05/03/2020 07:44:43,Tue Jun  8 16:45:17 2010,(公告)送舊時間
0,MissJade,罩子放亮點!,https://www.ptt.cc/bbs/AGEC95/M.1275991963.A.C14.html,"  由於許多人士向我表示    他們不想失去能和大家相處的一分一秒    所以我再開一次投票    以段考完後6/26~7/3為期間 投票截止日為6/12(六)24:00    ps:7/2為謝師宴 7/4農服出隊 因此我未列出這兩時段    http://wellmeet.net/event/20100608/ZGRxZHVy/18825   <----投票網址    煩請大家再去投票一次(很抱歉一直改來改去,但我真心希望""大家都能""出席)    還有踴躍推薦餐廳 不要太貴 好吃且又有投影幕的(感覺很難搞!)    乾蝦                                                   玉山    --  ※ 發信站: 批踢踢實業坊(ptt.cc)  ◆ From: 140.112.86.128  推 woha:為了他   那大家就踴躍投29號晚上以後吧!!! 06/08 22:33  ※ 編輯: MissJade        來自: 61.231.8.80          (06/08 22:39)  推 bigke:我也想一起送舊...但我六月30到七月5號都不在台灣... 06/08 23:38  → MissJade:那真的要629晚上了~ 06/09 14:20  推 lingqqq:629大科也不行耶 我跟echo也不行耶 06/09 18:15  → MissJade:冏~反正就看投票結果吧~620是因為學弟妹要期中考無法出人 06/09 22:52  → MissJade:力所以後來無法的,和大家說明一下 06/09 22:52  ※ 編輯: MissJade        來自: 61.231.9.26          (06/09 22:53)  ",05/03/2020 07:44:44,Tue Jun  8 18:12:40 2010,Re: (公告)送舊時間
0,MissJade,罩子放亮點!,https://www.ptt.cc/bbs/AGEC95/M.1276404621.A.A97.html,  送舊日期決定在6/28(一)晚上    確切時間地點會在公佈      --  ※ 發信站: 批踢踢實業坊(ptt.cc)   ◆ From: 111.248.16.170  ,05/03/2020 07:44:45,Sun Jun 13 12:50:18 2010,(公告)送舊時間
0,woha,文靜,https://www.ptt.cc/bbs/AGEC95/M.1276620288.A.EF7.html,  愛的小卡    其實今天就是愛的小卡的死線了。。。。。。    可是大家都很忙的樣子　    所以　就只好延到下次見面的時候了    拜託大家    本星期五６／１８　中午１２點整    要把卡片交到我的手上    因為你錯過了本周五　下次你我見面的時間就是謝師宴當天了！！    而且愛的小卡相當費工　採用手工裝訂　所以製作時程曠日廢時    本人還有期末考和報告要準備　拜託不要讓我哭哭＝　＝      謝師宴    時間：７／２（五）　晚上六點    地點：華國大飯店　http://www.imperialhotel.com.tw/?Psn=5432    詳細的資訊我星期五會發下紙本的通知單    請大家記得來拿喔！    另外　謝師宴要送的禮物　現在初步規劃是    樹苗一棵    乍聽之下有些匪夷所思    但仔細想想我們是農經系　為感念於老師的教化　    及其十年樹木百年樹人的精神    為我們在跨出社會前紮下良好的基礎    所以我們想要回饋系上　並同時兼顧永續環境的理念    ｂｌａｂｌａｂｌａ。。。    而且我們可以埋個時空膠囊之類的感覺就很浪漫    不過也要主任同意這一切才可行啦（主任現在出國）    但如果你覺得這樣很ｌｏｗ　有更好的想法可以提出來討論　謝謝        －－－    雖然我好像很愛在這板上ｐｏ文又顯得很囉唆    但今天突然想到再過沒多久這個版上就不再會有甚麼新消息發布    熊熊就覺得有些許的感傷　    我想這就是在期末考的水深火熱下所能感受到的畢業情緒吧～    大家期末考加油！      --  ※ 發信站: 批踢踢實業坊(ptt.cc)   ◆ From: 61.217.33.155  推 bigke:阿康妳好用心喔... 06/16 16:18  推 vivi7730:恩恩 謝謝用心的好班代~~chu 06/16 19:50  推 julieanlie:阿康好棒喔!!揪咪~~ 06/16 20:49  推 uuuu4ufo:謝謝阿康!! 06/17 10:44  → miru770623:辛苦你囉! 06/17 11:17  → MissJade:可以嫁人了~ 06/17 14:50  → nana027:你好棒喔 06/17 16:24  推 rita12281129:真是辛苦你了~ 06/17 19:24  → megnotbacon:娟娟 我愛妳~ 啾咪~ 06/20 02:12  ,05/03/2020 07:44:46,Wed Jun 16 00:44:46 2010,[情報] 關於　愛的小卡　謝師宴　
0,MissJade,罩子放亮點!,https://www.ptt.cc/bbs/AGEC95/M.1276704769.A.DEF.html,"  我需要統計一下咱們大四參加送舊的人數    除了  林小羚 , Echo , 柯捷方 , 吳阿花 , nash , julie , 風哥  , 阿品 , 率慈 , singing , 三宅 , 阿遠 , 江宇軒 , 謝其宏 ,  張小真 , 黃大頭 , 宜安 , 佳穎 , 玉山    以上19人在當初投票就投6/28(一)晚上外    能參加的同學請在下面推文 ex推:+1""自己的名字""    若19人中有事無法參加 也請推文 ex推:-1""自己的名字""    星期五專討下課我會在統計一次    ps:這次餐廳主要以吃飽好吃為目的~歡迎大家踴躍共襄盛舉喔:)    --  ※ 發信站: 批踢踢實業坊(ptt.cc)  ◆ From: 61.231.8.209  推 DACCC:+1大成 06/17 01:00  → uuuu4ufo:+1 治明 06/17 10:46  推 miru770623:+1 Miru 06/17 11:16  推 stacyoh:push+1 bighead 06/17 12:15  推 rita12281129:+1 岱蓉 06/17 12:35  → MissJade:大頭本來就有你了拉!還是你要攜眷XDDD~ 06/17 14:49  ※ 編輯: MissJade        來自: 140.112.86.128       (06/17 14:51)  推 nana027:PEGGY 06/17 16:24  → nana027:+1 06/17 16:24  推 peachblow:+1 阿品 06/17 17:04  推 stacyoh:我沒有要攜眷拉 06/18 00:01  推 thesung321:+1 06/18 01:31  → agec:要報名表演的同學可以寄信到 [email protected] ^^THX~ 06/18 17:04  推 shannonwang:+1 畢 06/18 21:31  推 vivi7730:+1 麗維~~ 06/18 22:45  推 playsky:林玥  +1   謝囉～ 06/19 23:46  推 megnotbacon:培 +1^ ^ 06/20 02:11  推 uuuu4ufo:阿忘了說我會超級晚到= =sorry 06/20 13:31  → MissJade:哈你要幾點到? 06/20 18:50  推 uuuu4ufo:最快也是7點吧我猜QQ而且是最快 06/21 19:54  → uuuu4ufo:小龜+1 喔!!! 06/21 19:55  → MissJade:大肆有沒人要揮灑汗水 留下青春回憶 上台表演的~ 06/22 17:46  推 uuuu4ufo:玠良+1  阿春+1 06/25 14:36  ",05/03/2020 07:44:47,Thu Jun 17 00:12:47 2010,送舊人數
0,chuanchi,強,https://www.ptt.cc/bbs/AGEC95/M.1277114330.A.C6D.html,      ╔════════════════════════════════════╗    ║ 九  十  九  學  年  度  農  業  經  濟  學  系  學  會  會  長  選  舉 ║    ╚════════════════════════════════════╝          候選人：1號候選人 農經二 黃權麒        經歷  ：98學年迎新宿營總召              98學年系學會體育長              98學年體育週主辦人              98學年農經系壘隊長        政見  ：系上活動              1.延續過去活動與系刊制度              2.增加體育周項目，並頒發獎狀及獎金              3.下學期增辦體育趣味競賽              4.增加農經電影節（系圖地下室的空間可能重新規劃），                於學期間擇期舉辦              5.與其他系聯合舉辦一項活動，增加農經系同學跟外系同學的交流                系上空間              1.爭取更新系電設備              2.改善蚊子問題，向系上爭取消毒或者改善空間              3.改善交誼廳共同維護清潔的模式              4.爭取交誼廳置物櫃更新                系學會運作              1.提供各系隊更充足的資源              2.加強師生交流，讓學生意見能夠傳達給系上，具體事項再議              3.加強與業界交流機會，增加畢業學長姐的演講              4.各項活動資料建檔化，留下活動資料便利以後活動主辦                謝謝大家的支持 請用您的選票與力量一起壯大農經系！    --  ※ 編輯: chuanchi        來自: 140.112.218.187      (06/21 17:59)  ,05/03/2020 07:44:48,Mon Jun 21 17:58:48 2010,[選舉] 系學會長 一號候選人 黃權麒
0,agec,96年度農經系學會,https://www.ptt.cc/bbs/AGEC95/M.1277310008.A.82F.html,    各位學長姐大家好    又到了一年一度的大四送舊    今年的餐廳是    奧瑞岡    地址:台北市四維路96號    電話:02-27542324    網址:http://oregano.pixnet.net/blog    日期:6/28(一)    時間:晚上五點半進場             六點開始    主題:夜店風         在這個主題之下我們有神秘小活動      基本上有兩種價錢    分別是排餐(豬雞羊牛排等):680/人  和  義大利麵:480/人        除了吃飯我們也會有一些活動以及表演    鼓勵各位學長姐也可以參加表演喔~        有鑑於我們必須區分出有繳系學會費跟沒繳系學會費的人    以及有表演跟沒有表演的人    我們列出下列的價錢提供大家做考量，排餐原價680，義大利麵原價480，  菜色都不錯，但排餐份量較多                       點排餐    點義大利麵 or pizza    有繳會費&有表演:     0/人            0/人        (省$680或480)    有繳會費&沒表演:     0/人            0/人        (省$680或480)    沒繳會費&有表演:   300/人          100/人        (省$380)    沒繳會費&沒表演:   500/人          300/人        (省$180)        歷年來因為禮遇畢業生所以價格跟大一~大三不太一樣    如有意願表演者    請在6/26(五)晚上12點前    寄信到 [email protected] 農經三游佳蓉報名    有問題也可以直接詢問鈺珊同學&大三陳維德&大三游佳蓉 : )                                                           台大農經系系學會      ※ 編輯: agec            來自: 140.112.4.198        (06/24 00:28)  ,05/03/2020 07:44:50,Thu Jun 24 00:20:06 2010,[送舊]
0,agec,96年度農經系學會,https://www.ptt.cc/bbs/AGEC95/M.1277381336.A.ED8.html,    民國九十九年六月二十四日　十八時開票    得票情形如下    一號 黃權麒  72票  二號 黃瑩瑄  26票       廢  票  17票      總計票數　　115張　　　      唱票人：陳維德  計票人：游佳蓉  監票人：楊賀、陳力維    特別感謝選務人員 林巍 張弘毅    謝謝各位的踴躍投票  也祝福各位期末考與暑假順利快樂          恭喜 黃權麒 同學成為 台大農經系九十九年度系學會會長              --  ※ 發信站: 批踢踢實業坊(ptt.cc)  ◆ From: 140.112.4.198    --  ※ 發信站: 批踢踢實業坊(ptt.cc)  ◆ From: 140.112.4.198  ※ 編輯: agec            來自: 140.112.4.198        (06/24 20:07)    --  ※ 發信站: 批踢踢實業坊(ptt.cc)  ◆ From: 140.112.4.198  ※ 編輯: agec            來自: 140.112.4.198        (06/24 20:09)  ,05/03/2020 07:44:51,Thu Jun 24 20:08:55 2010, 九十九學年度系學會長選舉結果
0,MissJade,罩子放亮點!,https://www.ptt.cc/bbs/AGEC95/M.1277451289.A.2EB.html,  為了方便當天出餐    請同學在明天(六)24:00前點好餐    流程:前菜-->湯，和可無限續手工麵包-->主餐(義大利麵.飯.麵團or排餐)       -->甜點--->飲料    當天會先讓大家吃完主餐上好甜點和飲料後，再欣賞學弟妹安排的節目，所以飲料一律  後上    這有食記--->http://evenroll.blogspot.com/2007/01/oregano.html    ps:不負責任推薦 雞肉芥末筆尖麵(是黃芥末不嗆辣)，店家最紅 雞肉檸檬貝殼麵     排餐類應該都很好吃 食記有很多圖片 大家可參考~    如何點呢?    就去填我的奧瑞岡點餐問卷拉~    http://www.my3q.com/go.php?url=missjade0312/33595    注意!!請大家要寫讓人認得出來的名字喔    --  ※ 發信站: 批踢踢實業坊(ptt.cc)  ◆ From: 140.112.86.128  ※ 編輯: MissJade        來自: 140.112.86.128       (06/25 16:02)  推 uuuu4ufo:親愛的育山我會很晚很晚到，所以可以到了再上我的嗎?? 06/25 16:54  推 BruceNash:不用造成店家出菜困擾 先上咱們分了先 06/25 17:14  推 uuuu4ufo:樓上很可惡= =!!!! 06/25 19:12  → MissJade:課已~ 06/25 22:34  ,05/03/2020 07:44:51,Fri Jun 25 15:34:47 2010,公告-送舊點餐
0,MissJade,罩子放亮點!,https://www.ptt.cc/bbs/AGEC95/M.1277517196.A.064.html,  啾竟~  如果沒先點好餐或怎樣呢?  因為店家星期日會進食材  但我們人數眾多  若未先和他們點好餐  可能有些星期一現場點的同學就無法隨心所欲的點了  也就是 你的選擇 從C12取1變成C5取1~(我只是打比方)  所以大家快去點吧  目前大四只有15人點~    ※ 引述《MissJade (罩子放亮點!)》之銘言：  : 為了方便當天出餐  : 請同學在明天(六)24:00前點好餐  : 流程:前菜-->湯，和可無限續手工麵包-->主餐(義大利麵.飯.麵團or排餐)  :      -->甜點--->飲料  : 當天會先讓大家吃完主餐上好甜點和飲料後，再欣賞學弟妹安排的節目，所以飲料一律  : 後上  : 這有食記--->http://evenroll.blogspot.com/2007/01/oregano.html  : ps:不負責任推薦 雞肉芥末筆尖麵(是黃芥末不嗆辣)，店家最紅 雞肉檸檬貝殼麵  :    排餐類應該都很好吃 食記有很多圖片 大家可參考~  : 如何點呢?  : 就去填我的奧瑞岡點餐問卷拉~  : http://www.my3q.com/go.php?url=missjade0312/33595  : 注意!!請大家要寫讓人認得出來的名字喔    --  ※ 發信站: 批踢踢實業坊(ptt.cc)   ◆ From: 140.112.86.128  推 Wisconsin:玉山～那素食部份？？還是直接跟他們說就好了？！ 06/26 23:16  → MissJade:率慈你當場點就可了:)拍謝沒先和你說~ 06/27 11:21  ,05/03/2020 07:44:52,Sat Jun 26 09:53:13 2010,Re: 公告-送舊點餐
0,agec,96年度農經系學會,https://www.ptt.cc/bbs/AGEC95/M.1277650865.A.BEA.html,  明天改為5點45分進場喔~~    地點：奧瑞岡  主題：夜店風    祝大家玩得愉快~:)        --  ※ 發信站: 批踢踢實業坊(ptt.cc)   ◆ From: 140.112.86.99  → MissJade:幫忙補充一下交通資訊 從台大可坐52或敦化幹線至信義敦化 06/28 09:45  → MissJade:路口 一下車三個街口分別有 玉山 花旗 華南銀行，從華南 06/28 09:45  → MissJade:銀行那延著信義路直走第一條巷子右轉就是了 06/28 09:45  → MissJade:說錯 左轉! 06/28 09:46  ,05/03/2020 07:44:53,Sun Jun 27 23:01:03 2010,[情報] 送舊注意事項
0,MissJade,罩子放亮點!,https://www.ptt.cc/bbs/AGEC95/M.1277864876.A.920.html,  提醒大家今天是租屆學士服的期限    請記得帶學生證和學士服去小小福福利社旁一個凹陷進去的倉庫歸還喔    逾期一天罰50元~要記得喔    --  ※ 發信站: 批踢踢實業坊(ptt.cc)   ◆ From: 61.228.243.224  ,05/03/2020 07:44:53,Wed Jun 30 10:27:54 2010,提醒-歸還學士服
0,woha,文靜,https://www.ptt.cc/bbs/AGEC95/M.1277921006.A.71D.html,"    本週五就是謝師宴請各位記得參加！    再提醒一次    地點：華國飯店 13樓萬歲軒(台北市中山區林森北路600號)    時間：7月2號(週五)晚上六點        另外，要搭接駁車的請於6點在捷運圓山站等待    沒搭到的就只好自行搭公車前往喔！(紅33到景福宮站)    所以請別遲到了    也請記得攜帶給五年後祝福自己的話的A4紙(要投入時空膠囊)    而原本計畫的交換禮物則因當晚活動過於緊湊而  ""取消""    但如果有準備的話還是可以交給你最希望收到的人    最後最後    孫燕姿的""一起走過""這幾天請務必練習    因為活動最後我們會來個大合唱    大家就趕快利用最後這兩天吧    加油！          --  ※ 發信站: 批踢踢實業坊(ptt.cc)   ◆ From: 114.44.102.9  推 thesung321:http://www.youtube.com/watch?v=3aE8-dV1rZU 07/01 12:38  ",05/03/2020 07:44:54,Thu Jul  1 02:03:23 2010,[情報] 謝師宴 注意事項
0,MissJade,罩子放亮點!,https://www.ptt.cc/bbs/AGEC95/M.1278496576.A.C0A.html,  雖然很依依不捨    但要畢業的大家還是要記得去辦離校手續阿    http://info.ntu.edu.tw/index.asp?sel=students    右下角有個畢業生離校手續查詢        然後請大家注意    歸還系上所借用品那項  請大家將系櫃清空鑰匙拿去給系電秀姬姐    這項就完成囉    (感謝欸扣鶼鰈提供資訊)    就這樣 最後一篇公告了吧    miss all u guys:)    --  ※ 發信站: 批踢踢實業坊(ptt.cc)   ◆ From: 140.112.86.128  推 lingqqq:最後一篇公告好哀傷喔 07/07 21:56  推 playsky:祝大家鵬程萬里！ 07/08 00:51  ,05/03/2020 07:44:55,Wed Jul  7 17:56:13 2010,公告 離校手續
0,agec,96年度農經系學會,https://www.ptt.cc/bbs/AGEC95/M.1278584376.A.FE3.html,  HI學長姐們    下禮拜一(7/12)開始可以去找系電秀姬姐歸還鑰匙及領取保證金    thanks~祝大家畢業快樂!    ※ 引述《MissJade (罩子放亮點!)》之銘言：  : 雖然很依依不捨  : 但要畢業的大家還是要記得去辦離校手續阿  : http://info.ntu.edu.tw/index.asp?sel=students  : 右下角有個畢業生離校手續查詢  : 然後請大家注意  : 歸還系上所借用品那項  請大家將系櫃清空鑰匙拿去給系電秀姬姐  : 這項就完成囉  : (感謝欸扣鶼鰈提供資訊)  : 就這樣 最後一篇公告了吧  : miss all u guys:)    --  ※ 發信站: 批踢踢實業坊(ptt.cc)   ◆ From: 140.112.4.198  推 lingqqq:游哈哈說急的人可以星期五就去找秀姬姊辦手續唷~ 07/08 18:59  ,05/03/2020 07:44:55,Thu Jul  8 18:19:34 2010,Re: 公告 離校手續
0,vipjack,阿衝,https://www.ptt.cc/bbs/AGEC95/M.1278903175.A.C84.html,  各位同學大家好    我們團隊目前正參加yef的創業比賽    目前規劃做一個祈福文化園區    想知道大家對這個園區的接受度    下面是問卷的網址    http://tinyurl.com/2avdqnp    懇請大家幫忙    贈送p1幣200!!      --  ※ 發信站: 批踢踢實業坊(ptt.cc)   ◆ From: 140.112.199.87  推 BruceNash:填囉 200lol 07/12 13:16  推 DACCC:    DONE 07/12 22:51  推 Peter1986110:Done 雖然我不是95級的就是了...... 07/13 13:41  推 playsky:done 07/15 21:37  推 vivi7730:完成 !~ 07/18 18:28  ,05/03/2020 07:44:56,Mon Jul 12 10:52:53 2010,[問卷]B95的大家幫個忙吧   
0,tropicaries,花,https://www.ptt.cc/bbs/AGEC95/M.1280764969.A.408.html,  請大家到我的p2板來看    --  ※ 發信站: 批踢踢實業坊(ptt.cc)   ◆ From: 114.42.227.226  → EnricoLue:楊佳叡的個版版名為:B94_useless  另外 如果你真拿出誠 08/03 19:00  → EnricoLue:意澄清 請你也開放你的facebook讓非好友 或是好友的好友 08/03 19:00  → EnricoLue:可以看到 否則我們之間沒有好友連結關係無法看到你的文\ 08/03 19:01  → EnricoLue:章 08/03 19:02  ,05/03/2020 07:44:57,Tue Aug  3 00:02:46 2010,答應澄清的事情
0,woha,文靜,https://www.ptt.cc/bbs/AGEC95/M.1274368983.A.3D0.html,        　　　　　　　　　　　　　　（這篇不是廣告文！）          　　　　　　你是否還記得小時候  畢業前大家互相交換寫畢冊的青澀與甜蜜呢？    　　　　　　你是否有話想對他說　但大學四年卻始終開不了口讓他知道？    　　　　　　你是否曾經因為誤會　而使友情出現裂痕　遲遲找不到機會解釋呢？        有些感謝　一直放在心裡    現在　你有機會在畢業前夕　勇敢大聲說～～～～      畢業手冊之愛的小卡活動　正式開跑      從今天起　可以在系電和交誼廳　無限制取用　愛的小卡    希望大家可以努力散播歡樂散播愛　為你的每一位同班同學寫下你的祝福    寫完的小卡片　請投入　愛的信箱（不久後會放在系電和交誼廳）    愛的信箱保證您的隱私　所以您可以放心大膽的告白或懺悔    但重點是　收件人名字一定要寫清楚    本班正妹眾多　收件人寫正妹的話我會很困擾　    最後會裝訂集結成冊　也就是說　每個人都可以拿到一本大家對你的祝福！    （因為會裝訂　所以希望大家一定要把寫好的卡片投進信箱喔！）    希望大家可以把握這個機會　創造一個愛的循環    讓每個人都可以收到每個人的祝福    （請大家不要忘記還在交換　跑去念醫科　和轉系的同學們）    截止收件時間預計是在最後一堂農發課下課後    預計發放時間則是在最後一堂專討課後（農經系的最後一堂課～）    請大家踴躍參與　拜託拜託！！      這個活動不論是Ｂ９５的同學　還是學長姐或學弟妹　不論是何方神聖都可以參加喔！    （當然收件者僅限Ｂ９５同學啦　ＳＯＲＲＹ　）    請大家努力　把愛傳下去    謝謝：）    ※ 編輯: woha            來自: 114.42.159.169       (05/20 23:27)  ※ 編輯: woha            來自: 114.42.159.169       (05/20 23:28)  推 thesung321:^^ 05/21 09:20  推 sixtree:so sweeeeeeeeeet!!!!  :) 05/22 14:16  推 megnotbacon:俗氣娟妳好貼心>//////< 05/23 00:43  推 vivi7730:^__^ 3Q~俗氣娟好真棒唷!! 05/24 16:02  ,05/03/2020 07:44:58,Thu May 20 23:23:01 2010,[畢業] 重要活動！！
0,agec,96年度農經系學會,https://www.ptt.cc/bbs/AGEC95/M.1274633519.A.3DD.html,            99學年度農業經濟學系學會會長選舉登記預計於2010/5/24(一)開始，    　　2010/5/28(五)截止。  請有意願參選之系學會會員於時間內於以下網址下載參    　　選登記表，並將其交予現任系學會長，或寄至 [email protected]        參選登記表：http://0rz.tw/LzncZ        候選人資格：台大農經系在學學生                競選與投票時間如下：        １.競選時間 : 2010/05/29(六) ~ 2010/06/02(三)        ２.投票時間 : 2010/06/03(四)            　　　　　　　　　　　　　　　　　　　農業經濟學系學會　    --  ※ 發信站: 批踢踢實業坊(ptt.cc)  ◆ From: 125.227.230.38  ※ 編輯: agec            來自: 125.227.230.38       (05/24 00:52)  ,05/03/2020 07:44:59,Mon May 24 00:51:58 2010,[選舉] 98學年度 台大農經系系學會會長改選
0,c5herr1y,cherry,https://www.ptt.cc/bbs/AGEC95/M.1274807007.A.98A.html,  雙數號的同學們    羅老師的導生會來了    時間:6月3日(四)  中午12:30    地點:西堤★古亭店    請同學自行抵達    麻煩大家通知大家~    --  ※ 發信站: 批踢踢實業坊(ptt.cc)   ◆ From: 140.112.218.207  推 woha:郭玉山 我們的秘密計畫怎麼辦= =? 05/26 12:42  推 julieanlie:好棒喔~~西題 =v= 05/26 15:52  ,05/03/2020 07:45:00,Wed May 26 01:03:25 2010,[情報] 羅竹平老師的導生會
0,MissJade,罩子放亮點!,https://www.ptt.cc/bbs/AGEC95/M.1274845494.A.795.html,"  這星期五(5/28)專討下課12:20~13:00為畢冊 團照以及學士服領取""最後一次""的時間    除了nash 岱蓉我會先行保管外    其餘同學請在這個時間來領    沒來領的 我會放在系圖 ""不負保管責任""    若當天有不可抗力原因無法到 也請找其他同學代領    ps:請轉系生們記得來領團照喔 或者找班上同學們代領~    另外請大家勿私自動系圖的畢冊和團照 若真的心癢難耐 想翻開來找正妹帥哥    請電洽我~或者已領取同學借來看    謝謝大家配合                                                 玉山    --  ※ 發信站: 批踢踢實業坊(ptt.cc)  ◆ From: 61.228.240.60  ※ 編輯: MissJade        來自: 61.228.240.60        (05/26 11:54)  → MissJade:另外 若是畢冊有瑕疵 可拿至活大103做更換喔~ 05/26 12:04  ",05/03/2020 07:45:00,Wed May 26 11:44:52 2010,公告 畢冊學士服領取deadline
0,sfanny,fanny,https://www.ptt.cc/bbs/AGEC95/M.1274894071.A.167.html,    拾獲薛朱利同學的micro SD 和讀卡機    抱歉有看了一下你的東西  從一個國文期中報告 發現你的名字  所以猜測應該是薛朱利同學的    不知為何出現在大一女寢室    請洽站內信    --  ※ 發信站: 批踢踢實業坊(ptt.cc)   ◆ From: 140.112.237.165  ,05/03/2020 07:45:01,Thu May 27 01:14:28 2010,[拾獲]薛朱利同學的 micro SD 和讀卡機 
0,bewritten,聿哲,https://www.ptt.cc/bbs/AGEC95/M.1274895952.A.2D1.html,  ---      ╔════════════════════════════════════╗  ║ 九  十  九  學  年  度  農  業  經  濟  學  系  學  會  會  長  選  舉 ║  ╚════════════════════════════════════╝                                                                    ~關於候選人        候選人資格：台大農經系大學部  候選人登記時間：2010/05/24(一)-2010/05/28(二)截止。  請有意願參選之系學會會員於時間內於以下網址下載參選登記表      並將其交予現任系學會長，或寄至 [email protected]  參選登記表：http://0rz.tw/LzncZ      　　        候選人競選宣傳時間：2010/05/29(六) ~ 2010/06/02(三)    ---      ╔════════════════════════════════════╗  ║ 九  十  九  學  年  度  農  業  經  濟  學  系  學  會  會  長  選  舉 ║  ╚════════════════════════════════════╝                                                                  ~關於投票事項        選舉人資格：台大農業經濟系大學部暨研究所學生（不含已轉系生）  投票時間：2010年6月03日(四)  投票注意事項：選舉辦法一切依據台灣大學農業經濟學會章程辦理  投票時需帶學生證，請遵守投票秩序，勿大聲喧譁  ，不得有亮票等一切不合法之情事發生。              若有任何疑問請至站內信，或直接向系學會幹部反應，謝謝！                                                       98學年度 台大農業經濟系學會    ---    --  ※ 發信站: 批踢踢實業坊(ptt.cc)   ◆ From: 119.77.196.19  ,05/03/2020 07:45:02,Thu May 27 01:45:49 2010,[選舉] 系學會會長選舉相關公告
0,woha,文靜,https://www.ptt.cc/bbs/AGEC95/M.1274967407.A.7C8.html,      想問問大家的意見～    因為雷老師的導生宴也還沒辦    所以　要不要　等到畢業以後    大家在一起吃個最後的聯合導生宴咧～～～～～    大家一起吃飯的機會也不多了嘛！    明天專討課會問一問大家的意思    不過一切還是要以老師的意思為準啦！    （大家若決定一起吃的話我再跟兩位老師討論）          大家有看的懂我想要表達的嗎？      記得要寫愛的小卡喔：）      --  ※ 發信站: 批踢踢實業坊(ptt.cc)   ◆ From: 114.42.141.75  → iqkand:所以下週暫時沒有導生宴囉？？ 05/28 14:46  → woha:我還在問老師~看要不要乾脆下周一起吃 05/28 18:47  推 lingqqq:結果你有問嗎? 會不會一起吃就沒有西堤了呢QQ 05/28 21:45  推 pupumaxz28m:想吃西題+1 05/28 22:18  → woha:因為雷老師還沒說要辦 所以應該是傾向和羅老師合辦吧 05/28 23:57  推 hte:請問導生分配是和上學期一樣嗎？ 05/29 00:50  → woha:是 05/29 16:22  ,05/03/2020 07:45:02,Thu May 27 21:36:44 2010,Re: [情報] 羅竹平老師的導生會
0,MissJade,罩子放亮點!,https://www.ptt.cc/bbs/AGEC95/M.1275186985.A.FD2.html,"  1.送舊統計至5/31(一)24:00截止    請還未勾選可出席時間者至http://wellmeet.net/event/20100520/eW5ra2tj/18388      最高票數者將直接公佈在版上 並告知游哈哈    2.學士服歸還期限為6/30(三)    這之前大家要穿他怎麼拍就怎麼拍    當然學校畢典和系上畢典當天要記得穿來      歸還地點是在小小福福利社旁 大陸社對面一個凹陷進去的建築(有點像倉庫)    請在6/30前拿去那歸還 記得衣服要保管好 不要洗或烘 有損傷都要賠償的喔    3.替美麗班代康小姐宣傳愛的小卡活動    大家要踴躍參加 那可是用剩餘班費辦的意義重大活動呢    也歡迎學弟妹們表達對學長姐心中的""愛""    卡片就放在系圖一進去右手邊櫃子上    寫完直接投進小箱子即可                                                          想要減肥總是失敗的玉山    --  ※ 發信站: 批踢踢實業坊(ptt.cc)   ◆ From: 61.228.241.252  ",05/03/2020 07:45:03,Sun May 30 10:36:23 2010,(公告)送舊統計和學士服歸還
0,djching,阿迪,https://www.ptt.cc/bbs/AGEC95/M.1275233914.A.EEE.html,  ※ [本文轉錄自 AGEC98 看板 #1C0ePOKc ]    作者: djching (阿迪) 看板: AGEC98  標題: [重要] 請有修農業金融的有修有看!  時間: Sun May 30 23:37:56 2010      大家好我是陳振迪    大家都知道接下來的兩次上課都要參訪吧      下禮拜(6/3)要去農業金庫    地點在館前路71號    集合時間是兩點在農業金庫門口    請大家自行前往不要遲到喔    交通方式自行決定    騎車開車請注意安全    坐公車的話我記得羅斯福路上的236 251都會到    大家再自己去了解一下囉    然後老師很注重這次的參訪 所以請大家在這幾天有空去相關網站認識一下    EX：農業金融局 農業金庫    有點概念才不會到時聽得一頭霧水問不出問題(有問問題可以加分)          再來下下周(6/10)要去深坑農會參訪    請大家一點半以前在校門口集合完畢    要統一搭車過去(系上會提供車子)    然後不知道有沒有要幫大家辦個保險(畢竟集體外出他鄉)    詳細情況我會再跟系辦確認      然後最重要的是這兩次參訪都會點名= =    請大家務必出席不然可能就QQ了        以上    --  ※ 發信站: 批踢踢實業坊(ptt.cc)   ◆ From: 61.231.145.46    --  ※ 發信站: 批踢踢實業坊(ptt.cc)   ◆ From: 61.231.145.46  ,05/03/2020 07:45:04,Sun May 30 23:38:33 2010,[重要] 請有修農業金融的有修有看!
0,jason5110,jason,https://www.ptt.cc/bbs/AGEC95/M.1275288776.A.661.html,"  ※ [本文轉錄自 NTU 看板 #1C0eYnlj ]    作者: jason5110 (jason) 看板: NTU  標題: [問卷]睡眠習慣與生活  時間: Sun May 30 23:47:56 2010    大家好 我們是資管大二的學生  因為要作統計期末報告的原因  懇請台大學生來幫我們填作問卷  這是一份有關於睡眠習慣與生活的一份問卷  http://tinyurl.com/2blll40    目前我們的樣本數過少  希望大家來幫助我們  為答謝大家撥空填寫  我們會亂數抽出至少八位的人  給予禮卷獎勵  (7-11 100元)  由所填寫的e-mail來連絡各位  想抽中請記得填寫XD  預計在期末考後會寄出通知  屆時將與您協調獎酬的發送方式    --  ※ 發信站: 批踢踢實業坊(ptt.cc)  ◆ From: 111.240.146.252  推 jeremiah7932:跟上一篇一起看會覺得很好笑 05/30 23:54  @@  推 modernage:DONE 05/30 23:57  推 oldfatcat:done　話說住宿舍是要怎麼通勤　= =? 05/31 00:08  所以是零阿XD  ※ 編輯: jason5110       來自: 111.240.146.252      (05/31 00:10)  推 Mickeywhite:這時間點PO...根本只有12點以後睡的人才會填吧 05/31 00:12  推 micaDanube:done 05/31 00:15  推 saidon:done 05/31 00:15  推 kindependent:今天沒課的話要怎麼選啊@@ 05/31 00:16  → kindependent:是說這問券真是切重要點...XD 05/31 00:16  推 pcrodigyk61:done 05/31 00:19  推 wxes50303:妳也太愛說笑了XD 05/31 00:21  → hoshinoyami:問卷最後是有緣""再""見喔~ 05/31 00:29  推 allenlawliet:done 05/31 00:41  推 cappuvino:DONE 05/31 00:47  推 shanise0112:DONE 05/31 00:51  推 AlohaTofu:禮拜六日沒課也是這樣填嗎？@@ 05/31 00:59  推 nh2238:DONE 05/31 01:29  推 xggu:done 05/31 01:47  推 ben196888:done 05/31 02:14  推 HCNDK:您的生活真是充滿生命力XDDDDDDDDDDDDDDDD 05/31 03:24  → chankin:DONE 05/31 03:46  推 Arshain:還沒睡 q_q 05/31 04:56  推 LIMount:都沒睡的是要怎麼填啊@[email protected]話說看不出題目的關連性耶~ 05/31 06:21  → LIMount:推了才知道幫樓上接話了XD 所以Arshain大也不大打算睡嗎? 05/31 06:22  推 louisforever:都沒睡+1 done 05/31 06:34  推 daruiaauster:Done 05/31 07:09  → azure0518:done 05/31 08:47  推 PSOUL:DONE 05/31 09:30  推 Demri:DONE 05/31 13:11  ※ jason5110:轉錄至看板 NTUAC95                                    05/31 14:35  ※ jason5110:轉錄至看板 NTUAC96                                    05/31 14:35  ※ jason5110:轉錄至看板 NTUAC97                                    05/31 14:36  ※ jason5110:轉錄至看板 NTUAC98                                    05/31 14:52    --  ※ 發信站: 批踢踢實業坊(ptt.cc)   ◆ From: 140.112.4.200  ",05/03/2020 07:45:05,Mon May 31 14:52:55 2010,[問卷]睡眠習慣與生活
0,woha,文靜,https://www.ptt.cc/bbs/AGEC95/M.1275290289.A.EE1.html,      我已經和雷老師聯絡過了    所以　雷老師的導生們　當天也是一起到西堤吃導生宴喔!!    統一再宣布一次時間地點    時間:６／３　星期四　１２﹔３０    地點:西堤　羅斯福店　(古亭捷運站３號出口)    請大家自行前往      同學們一起吃飯的機會不多囉～～～    希望大家都能出席參加      不免俗的  我又要幫我的  愛的小卡  打廣告    大家要記得寫喔!!!!      --  ※ 發信站: 批踢踢實業坊(ptt.cc)  ◆ From: 114.42.140.122  ※ 編輯: woha            來自: 114.42.140.122       (05/31 16:08)  推 MissJade:辛苦啦~ 05/31 23:54  推 uuuu4ufo:好耶我不用偷偷去了!!! 06/01 10:24  → MissJade:紀明你是要躲在誰的背後跟去? 話說這樣有位齁 應該滿大群 06/01 11:52  → MissJade:人的 是不是要先訂位 06/01 11:52  → woha:我訂了50個人   根本坐不滿吧=  =  大家一定要來參加啊~~ 06/01 20:38  推 lingqqq:黃季穎是想喬裝誰阿 06/01 21:18  推 BruceNash:QQ 06/02 17:50  → woha:↑其實你可以一起來 06/02 19:49  → rita12281129:對阿，你可以代替我的空缺XDDD 06/03 00:54  ,05/03/2020 07:45:06,Mon May 31 15:18:06 2010,[情報] 聯合導生宴   全班一起吃飯聯絡感情啦!!!
0,agec,96年度農經系學會,https://www.ptt.cc/bbs/AGEC95/M.1275306830.A.6FA.html,  各位學長姐 有問題可以問大三游哈哈&大四鈺珊姐  大家可以看到似乎有點緊的時間  是因為四點有在職專班畢典 一樣在農經一  所以會有點趕 但沒關係在撥穗那邊有預留一點緩衝時間    1300-1330       進場  1330-1340       系主任、大使致詞  1340-1350       老師致詞  1350-1355       在校生致詞(大三、國際生待問)  1355-1400       畢業生致詞(大四、碩二、國際生待問) 大四是誰要代表呢呵呵  ↑這裡雖然排了五分鐘  不過大致上每人2~3分鐘 在撥穗那邊有預留緩衝時間    1400-1405       外籍生影片回顧  1405-1425       碩士班影片回顧  1425-1445       大學部影片回顧  1445-1455       外籍生撥穗與頒證  1455-1510       碩士班撥穗與頒證  1510-1535       大學部撥穗與頒證  1535-   全體畢業生答禮、拍照與點心時間      撥穗名單與座位表我會在星期五早上專討發給大家:)  如果沒拿到 星期六也可以找門口接待者拿      --  ※ 發信站: 批踢踢實業坊(ptt.cc)  ◆ From: 140.112.4.198  ※ 編輯: agec            來自: 140.112.4.198        (05/31 19:54)  推 MissJade:目前致詞應該是我~ 05/31 23:52  推 woha:喔耶    玉山加油~~~ 06/01 00:57  推 sixtree:冏冏！我以為你沒答應耶 所以前日我就把台詞準備完[email protected]@ 06/01 08:15  推 MissJade:不不不 如此重責就交與你啦 毓真~ 游哈哈那就毓真囉 06/01 09:42  推 woha:兩個都上去講不就好了  壓力一起分擔就都不緊張啦 哈哈哈 06/01 09:43  推 MissJade:其實才兩分鐘 兩人有點冗 而且毓真真的代表性多很多 辛苦 06/01 11:50  → MissJade:毓真啦 06/01 11:51  推 sixtree:噗 嗯嗯 拍謝啦玉山 改來改去@@ 而且你畢代才辛苦!!!:) 06/02 00:30  ,05/03/2020 07:45:06,Mon May 31 19:53:48 2010,[畢典] 流程
0,woha,文靜,https://www.ptt.cc/bbs/AGEC95/M.1275313861.A.ADB.html,"      最近好像一直在ｐｏ文（羞）      畢業在即，為了感念農經系老師在過去這四年來對我們的諄諄教誨    所以不免俗的　我們要舉辦謝師宴來感謝老師們的付出        　　　　　　　　！！！這　是　一　件　很　重　大　的　事！！！      預計在七月初舉辦    但無法現在就告知大家舉辦的地點    因為要看參加的人數才能決定舉辦的規模以及地點    而且班費所剩無幾　所以農經系大四的同學都必須慷慨解囊＝　＝    為了早日確定參加的人數　以便訂位　    所以從明日農發課起開始收錢　收款期限為６／１～６／８    　欲參加者　每人＄１,０００  無法參加者　每人＄　 ５００    很抱歉這個活動無法參加者也必須付費　    因為謝師宴有一定的固定成本　請大家見諒　也請大家務必參加    （轉系同學因考量到其轉入學系也有謝師宴　  　故轉系同學欲參加者　只收吃飯的飯錢　欲參加者先行告知即可）    若有任何疑問或想法　都可以和我聯絡    希望大家都可以參加唷～      --  ※ 發信站: 批踢踢實業坊(ptt.cc)   ◆ From: 114.42.140.122  ",05/03/2020 07:45:07,Mon May 31 21:50:58 2010,[情報] 謝師宴　相關事項
0,woha,文靜,https://www.ptt.cc/bbs/AGEC95/M.1275401056.A.89D.html,    6/3 本星期四    1.中午12:30在西堤 羅斯福店(古亭三號出口旁) 集合    2.請在吃導生宴時付謝師宴的錢　  　  　　參加者　　＄１０００  　不克參加者　＄５００    　拜託大家不要拖拖拉拉　早日收完錢　才能趕快做決定　拜託  　收費有點貴是因為多退比少補來的容易　如果剩很多將依比例退錢  　如果你有困難的話可以偷偷跟我討論　  　現在收錢的主要目的是為了要統計參加人數    6/5 本星期六    下午是系上的畢業典禮　相信大家都很清楚　詳細流程請爬文    早上是學校舉辦的畢業典禮    學校為我們系所留了近５０個位子　    所以希望大家踴躍參加　不然空空如也的農經系席位會有點尷尬    如果你錯過了大一新生開學典禮    那你就更不能錯過大四老人的畢業典禮    大家揪團一起參加吧！    (這篇看起來好花俏喔～～得意！！)      --  ※ 發信站: 批踢踢實業坊(ptt.cc)  ◆ From: 61.217.31.19  ※ 編輯: woha            來自: 61.217.31.19         (06/01 22:35)  推 megnotbacon:花俏的俗氣娟~ 06/03 01:20  → woha:可惡的陳俗氣 06/03 19:11  ,05/03/2020 07:45:08,Tue Jun  1 22:04:13 2010,[情報] 近期重要事件懶人包  導生宴、謝師宴、畢典
0,agecta,農經助教,https://www.ptt.cc/bbs/AGEC95/M.1275464925.A.FF2.html,"  徐世勳教授開授之「農業經濟問題討論二」課程，    本週(6/4)因舉行博士班入學口試，    教室更改為 共304 教室。    請各位同學互相提醒！    當天我會請美華姐或其他助理去幫各位點名，    謝謝大家！    --  ※ 發信站: 批踢踢實業坊(ptt.cc)   ◆ From: 140.112.86.111  推 miru770623:那一間教室有PPT2007嗎? 06/02 21:26  → agecta:我詢問總務處事務組的共同教室管理員,他說只有2003 06/03 15:31  → agecta:但已經有安裝了2007轉2003的轉換程式,我想為了保險起見 06/03 15:32  → agecta:同學可以先存成2003的版本,麻煩各位同學了!謝謝! 06/03 15:32  ",05/03/2020 07:45:08,Wed Jun  2 15:48:43 2010,[公 告]本週五「農業經濟問題討論二」更改上課教室 
0,agec,96年度農經系學會,https://www.ptt.cc/bbs/AGEC95/M.1275498543.A.DD3.html,    系學會長目前無人登記參選  所以延後登記及相關日期  大家快浮出水面吧!!      大一、大二、大三、大四、還有其他在99學年度屬大學部的同學皆可以喔!!        ---      ╔════════════════════════════════════╗  ║ 九  十  九  學  年  度  農  業  經  濟  學  系  學  會  會  長  選  舉 ║  ╚════════════════════════════════════╝                                                                    ~關於候選人        候選人資格：台大農經系大學部  候選人登記時間：2010/06/03(三)-2010/06/10(三)截止。  請有意願參選之系學會會員於時間內於以下網址下載參選登記表      並將其交予現任系學會長，或寄至 [email protected]  參選登記表：http://0rz.tw/LzncZ      　　        候選人競選宣傳時間：2010/06/10(三) ~ 2010/06/14(一)    ---      ╔════════════════════════════════════╗  ║ 九  十  九  學  年  度  農  業  經  濟  學  系  學  會  會  長  選  舉 ║  ╚════════════════════════════════════╝                                                                  ~關於投票事項        選舉人資格：台大農業經濟系大學部暨研究所學生（不含已轉系生）  投票時間：2010年6月15日(二)  投票注意事項：選舉辦法一切依據台灣大學農業經濟學會章程辦理  投票時需帶學生證，請遵守投票秩序，勿大聲喧譁  ，不得有亮票等一切不合法之情事發生。              若有任何疑問請至站內信，或直接向系學會幹部反應，謝謝！                                                       98學年度 台大農業經濟系學會    ---    --  ※ 發信站: 批踢踢實業坊(ptt.cc)  ◆ From: 119.77.196.19    --  ※ 發信站: 批踢踢實業坊(ptt.cc)  ◆ From: 125.227.228.177    --  ※ 發信站: 批踢踢實業坊(ptt.cc)  ◆ From: 125.227.228.177  ※ 編輯: agec            來自: 125.227.228.177      (06/03 01:07)    --  ※ 發信站: 批踢踢實業坊(ptt.cc)  ◆ From: 125.227.228.177  ※ 編輯: agec            來自: 125.227.228.177      (06/03 01:08)    --  ※ 發信站: 批踢踢實業坊(ptt.cc)  ◆ From: 125.227.228.177  ※ 編輯: agec            來自: 125.227.228.177      (06/03 01:09)  ,05/03/2020 07:45:09,Thu Jun  3 01:09:01 2010,Re: [選舉] 系學會長選舉相關公告
0,iqkand,絕冰戀心,https://www.ptt.cc/bbs/AGEC95/M.1275641664.A.6B5.html,  請各年級書卷獎得獎的同學         大一:郭于瑄 謝政勳 鄭皓宇     大二:邵筱珊 周采儀 徐品慈     大三:邱奕融 陳昱先 林侑瀅     大四:康維娟 黃思齊 呂慈霖      近期內儘快來系辦 領取您的獎狀    謝謝    以上    --  ※ 發信站: 批踢踢實業坊(ptt.cc)   ◆ From: 140.112.86.14  ,05/03/2020 07:45:10,Fri Jun  4 16:54:22 2010,[重要] 系辦
0,woha,文靜,https://www.ptt.cc/bbs/AGEC95/M.1275656154.A.1DB.html,    我今天有偷偷看了去年的畢業典禮影片    位子都有坐滿滿耶    所以大家明天都要去學校的畢業典禮喔～～～        跟大家提醒一下　如果要帶家長去的話　可以跟他們說　    坐在四樓　面對典禮台的左手邊（貢獻大學於宇宙的精神那邊）    那邊會有一個燈光架　農經系的位子就在燈光架的下面    所以家長坐在那附近離系上最近    （我們在面對典禮台最左前方那一區的後半部）　    可以坐在中間不要太低的位置　因為如果有人坐比較邊邊樓上會看不到      明天我有幫大家準備一些海報紙和蠟筆（大家也可以幫忙帶）    希望大家可以臨場反應寫一些我愛農經　或畫一些有的沒的吸引攝影機的注意～    所以一定要人多才有氣勢喔　快點說服你不來的朋友一起來吧　      最後一點小提醒　關於服裝的部分    裡面穿白襯衫當然是最好看啦　下半身女生可以穿裙裝或褲子    但不要穿牛仔褲拍照不好看　最好都穿包鞋不要露腳趾比較禮貌    胸花請記得別在左胸喔!    重要的是　請大家多戴戴你的學士帽    練習一下點頭搖頭甩甩頭　如果帽子容易掉的話　要記得用髮夾固定    不然在台上點個頭帽子掉了會有點囧喔      喔耶　大家明天見啦：）      --  ※ 發信站: 批踢踢實業坊(ptt.cc)  ◆ From: 61.217.33.232  ※ 編輯: woha            來自: 61.217.33.232        (06/04 21:30)  ,05/03/2020 07:45:10,Fri Jun  4 20:55:51 2010,[閒聊] 畢業典禮 　注意事項
0,woha,文靜,https://www.ptt.cc/bbs/AGEC95/M.1275658168.A.0AE.html,  1.校園巡禮（上午8時至8時40分）：        請全體應屆畢業生上午7時30分至綜合體育館前廣場集合，      在師長的帶領下，再一次回顧美麗的校園，      同時接受各系所及社團學弟妹的熱情歡送！    2.室內典禮（上午9時至11時10分）：        於三樓會場舉行，各系所均有安排座位，歡迎踴躍出席！    3.露天嘉年華（上午9時30分至11時）：        體育館外廣場邀請本校學生社團表演，設置健康補給站，      以及維大力、雀巢飲品無限暢飲，並有趣味問答送福袋活動，歡迎大家前來共襄盛舉。    4.畢典座位圖      http://sad.osa.ntu.edu.tw/upload/file/jy3anbvc20100531153823.xls    --  ※ 發信站: 批踢踢實業坊(ptt.cc)   ◆ From: 61.217.33.232  ,05/03/2020 07:45:11,Fri Jun  4 21:29:26 2010,[情報] 學校畢業典禮流程
